артикул,moq
backpack_blue,30
backpack_grey,30
bathroom_organizer_clear,120
bathroom_organizer_grey,80
bathroom_organizer_grey_big,60
bathroom_organizer_orange,80
bathroom_organizer_orange_big,60
container_blue_16,33
container_blue_23,27
container_orange_16,33
container_orange_23,27
container_yellow_16,33
container_yellow_23,27
electric_water_gun_blue,16
electric_water_gun_red,16
electric_water_gun_white,16
firstaidkit_big_green,30
firstaidkit_big_red,30
firstaidkit_biggest_green,20
firstaidkit_biggest_red,20
firstaidkit_small_green,60
firstaidkit_small_red,60
home_organizer_grey,45
home_organizer_handle_beige,48
home_organizer_handle_white,48
home_organizer_turquoise,45
home_organizer_white,45
jewelry_organizer_blue,30
jewelry_organizer_pink,30
jewelry_organizer_white,30
jug_filter_black,24
jug_filter_white,24
jug_filter_yellow,24
jug_green,45
jug_white,45
lantern_christmas_tree,24
lantern_Santa_Claus,24
lantern_Snowman,24
lantern_test,24
organaizer_rabbit_white,40
organizer_bus_blue,40
organizer_bus_pink,40
organizer_bus_red,40
organizer_bus_white,40
organizer_office_beige,80
organizer_office_blue,80
organizer_office_pink,80
organizer_rabbit_pink,40
organizer_rabbit_yellow,40
organizer_utensil_green,40
organizer_utensil_lactic,40
organizer_utensil_white,40
panam_flower_beige,24
panam_flower_brown,24
panam_flower_green,24
panam_flower_pink,24
panam_flower_white,24
panam_rabit_beige,24
panam_rabit_brown,24
panam_rabit_green,24
panam_rabit_pink,24
panam_rabit_white,24
pencil_case_ strawberry,300
pencil_case_all,300
pencil_case_blue_guy,300
pencil_case_dinosaur,300
pencil_case_dog,300
pencil_case_frog,300
photoframe_10x15_clear,24
photoframe_10x15_green,24
photoframe_15x20_clear,20
photoframe_15x20_green,20
small_jug_white,48
storage_container_blue_big,22
storage_container_blue_small,33
storage_container_pink_big,22
storage_container_pink_small,33
tochilka_bear_pink_dark,60
tochilka_blue_cat,60
tochilka_blue_dog,60
tochilka_blue_star,60
tochilka_cat_yellow,60
tochilka_rabbit_strawberry,60
trashbin_blue,40
trashbin_orange,40
trashbin_whiteginger,40
trashbin_whitegrey,40
W5055_blue,60
W5055_green,60
W5055_pink,60
W5055_yellow,60
water_gun_30,192
water_gun_40,192
water_gun_46_handle,288
water_gun_50,192
water_gun_65,98
water_gun_70,98
water_gun_shark_blue,120
water_gun_shark_green,120
water_gun_versatile_48,192
wood_toy,100
x2_water_gun_30,96
x2_water_gun_40,96
x2_water_gun_50,96